links,id,neo_reference_id,name,nasa_jpl_url,absolute_magnitude_h,estimated_diameter,is_potentially_hazardous_asteroid,close_approach_data,is_sentry_object,__source_file,estimated_diameter_km,ingestion_timestamp,source,absolute_magnitude,is_hazardous,magnitude_category,risk_score
{'self': 'http://api.nasa.gov/neo/rest/v1/neo/2440012?api_key=atRlamU8h97Mj5wYvtjsDkkNua16mjAJcFC8JUch'},2440012,2440012,440012 (2002 LE27),https://ssd.jpl.nasa.gov/tools/sbdb_lookup.html#/?sstr=2440012,19.61,"{'kilometers': {'estimated_diameter_min': 0.3180936332, 'estimated_diameter_max': 0.7112789871}, 'meters': {'estimated_diameter_min': 318.0936332215, 'estimated_diameter_max': 711.2789870931}, 'miles': {'estimated_diameter_min': 0.197654159, 'estimated_diameter_max': 0.4419681355}, 'feet': {'estimated_diameter_min': 1043.6143156183, 'estimated_diameter_max': 2333.5925520145}}",False,"[{'close_approach_date': '2015-09-07', 'close_approach_date_full': '2015-Sep-07 07:32', 'epoch_date_close_approach': 1441611120000, 'relative_velocity': {'kilometers_per_second': '1.1630843052', 'kilometers_per_hour': '4187.1034988155', 'miles_per_hour': '2601.7032823612'}, 'miss_distance': {'astronomical': '0.4981690972', 'lunar': '193.7877788108', 'kilometers': '74525035.840942964', 'miles': '46307709.9545183432'}, 'orbiting_body': 'Earth'}]",False,nasa_raw_20260625_004413.csv,,2026-07-01 04:09:46.042503+00:00,local_csv,19.61,0,bright,0.0
{'self': 'http://api.nasa.gov/neo/rest/v1/neo/3726788?api_key=atRlamU8h97Mj5wYvtjsDkkNua16mjAJcFC8JUch'},3726788,3726788,(2015 RG2),https://ssd.jpl.nasa.gov/tools/sbdb_lookup.html#/?sstr=3726788,26.7,"{'kilometers': {'estimated_diameter_min': 0.0121494041, 'estimated_diameter_max': 0.0271668934}, 'meters': {'estimated_diameter_min': 12.14940408, 'estimated_diameter_max': 27.1668934089}, 'miles': {'estimated_diameter_min': 0.0075492874, 'estimated_diameter_max': 0.0168807197}, 'feet': {'estimated_diameter_min': 39.8602508817, 'estimated_diameter_max': 89.1302305717}}",False,"[{'close_approach_date': '2015-09-07', 'close_approach_date_full': '2015-Sep-07 17:58', 'epoch_date_close_approach': 1441648680000, 'relative_velocity': {'kilometers_per_second': '8.0871658927', 'kilometers_per_hour': '29113.7972136669', 'miles_per_hour': '18090.1813853476'}, 'miss_distance': {'astronomical': '0.0163786734', 'lunar': '6.3713039526', 'kilometers': '2450214.654065658', 'miles': '1522492.7871077604'}, 'orbiting_body': 'Earth'}]",False,nasa_raw_20260625_004413.csv,,2026-07-01 04:09:46.042503+00:00,local_csv,26.7,0,dim,0.0
{'self': 'http://api.nasa.gov/neo/rest/v1/neo/3727036?api_key=atRlamU8h97Mj5wYvtjsDkkNua16mjAJcFC8JUch'},3727036,3727036,(2015 RL35),https://ssd.jpl.nasa.gov/tools/sbdb_lookup.html#/?sstr=3727036,26.3,"{'kilometers': {'estimated_diameter_min': 0.0146067964, 'estimated_diameter_max': 0.0326617897}, 'meters': {'estimated_diameter_min': 14.6067964271, 'estimated_diameter_max': 32.6617897446}, 'miles': {'estimated_diameter_min': 0.0090762397, 'estimated_diameter_max': 0.020295089}, 'feet': {'estimated_diameter_min': 47.92256199, 'estimated_diameter_max': 107.1581062656}}",False,"[{'close_approach_date': '2015-09-07', 'close_approach_date_full': '2015-Sep-07 03:58', 'epoch_date_close_approach': 1441598280000, 'relative_velocity': {'kilometers_per_second': '3.5169616174', 'kilometers_per_hour': '12661.0618226584', 'miles_per_hour': '7867.0914419735'}, 'miss_distance': {'astronomical': '0.0692469329', 'lunar': '26.9370568981', 'kilometers': '10359193.665872923', 'miles': '6436904.4607474174'}, 'orbiting_body': 'Earth'}]",False,nasa_raw_20260625_004413.csv,,2026-07-01 04:09:46.042503+00:00,local_csv,26.3,0,dim,0.0
{'self': 'http://api.nasa.gov/neo/rest/v1/neo/3727179?api_key=atRlamU8h97Mj5wYvtjsDkkNua16mjAJcFC8JUch'},3727179,3727179,(2015 RH36),https://ssd.jpl.nasa.gov/tools/sbdb_lookup.html#/?sstr=3727179,23.6,"{'kilometers': {'estimated_diameter_min': 0.0506471459, 'estimated_diameter_max': 0.1132504611}, 'meters': {'estimated_diameter_min': 50.6471458835, 'estimated_diameter_max': 113.2504610618}, 'miles': {'estimated_diameter_min': 0.0314706677, 'estimated_diameter_max': 0.0703705522}, 'feet': {'estimated_diameter_min': 166.1651821003, 'estimated_diameter_max': 371.5566426699}}",False,"[{'close_approach_date': '2015-09-07', 'close_approach_date_full': '2015-Sep-07 11:50', 'epoch_date_close_approach': 1441626600000, 'relative_velocity': {'kilometers_per_second': '7.2717612888', 'kilometers_per_hour': '26178.3406398515', 'miles_per_hour': '16266.2028270233'}, 'miss_distance': {'astronomical': '0.1093379598', 'lunar': '42.5324663622', 'kilometers': '16356725.896225626', 'miles': '10163598.1796045988'}, 'orbiting_body': 'Earth'}]",False,nasa_raw_20260625_004413.csv,,2026-07-01 04:09:46.042503+00:00,local_csv,23.6,0,moderate,0.0
{'self': 'http://api.nasa.gov/neo/rest/v1/neo/3713989?api_key=atRlamU8h97Mj5wYvtjsDkkNua16mjAJcFC8JUch'},3713989,3713989,(2015 FC35),https://ssd.jpl.nasa.gov/tools/sbdb_lookup.html#/?sstr=3713989,22.15,"{'kilometers': {'estimated_diameter_min': 0.0987540639, 'estimated_diameter_max': 0.2208207999}, 'meters': {'estimated_diameter_min': 98.754063894, 'estimated_diameter_max': 220.8207999214}, 'miles': {'estimated_diameter_min': 0.0613629114, 'estimated_diameter_max': 0.1372116413}, 'feet': {'estimated_diameter_min': 323.9962829861, 'estimated_diameter_max': 724.4777132141}}",False,"[{'close_approach_date': '2015-09-07', 'close_approach_date_full': '2015-Sep-07 20:01', 'epoch_date_close_approach': 1441656060000, 'relative_velocity': {'kilometers_per_second': '8.7635328327', 'kilometers_per_hour': '31548.7181977204', 'miles_per_hour': '19603.1465934669'}, 'miss_distance': {'astronomical': '0.3213750467', 'lunar': '125.0148931663', 'kilometers': '48077022.457470529', 'miles': '29873676.4942861402'}, 'orbiting_body': 'Earth'}]",False,nasa_raw_20260625_014414.csv,,2026-07-01 04:09:46.042503+00:00,local_csv,22.15,0,moderate,0.0
{'self': 'http://api.nasa.gov/neo/rest/v1/neo/3727662?api_key=atRlamU8h97Mj5wYvtjsDkkNua16mjAJcFC8JUch'},3727662,3727662,(2015 RX83),https://ssd.jpl.nasa.gov/tools/sbdb_lookup.html#/?sstr=3727662,22.9,"{'kilometers': {'estimated_diameter_min': 0.0699125232, 'estimated_diameter_max': 0.1563291544}, 'meters': {'estimated_diameter_min': 69.9125232246, 'estimated_diameter_max': 156.3291544087}, 'miles': {'estimated_diameter_min': 0.0434416145, 'estimated_diameter_max': 0.097138403}, 'feet': {'estimated_diameter_min': 229.3718026961, 'estimated_diameter_max': 512.8909429502}}",False,"[{'close_approach_date': '2015-09-07', 'close_approach_date_full': '2015-Sep-07 21:51', 'epoch_date_close_approach': 1441662660000, 'relative_velocity': {'kilometers_per_second': '2.694557063', 'kilometers_per_hour': '9700.4054267199', 'miles_per_hour': '6027.4546941749'}, 'miss_distance': {'astronomical': '0.2895816212', 'lunar': '112.6472506468', 'kilometers': '43320793.722666844', 'miles': '26918293.0014326872'}, 'orbiting_body': 'Earth'}]",False,nasa_raw_20260625_004413.csv,,2026-07-01 04:09:46.042503+00:00,local_csv,22.9,0,moderate,0.0
{'self': 'http://api.nasa.gov/neo/rest/v1/neo/3759353?api_key=atRlamU8h97Mj5wYvtjsDkkNua16mjAJcFC8JUch'},3759353,3759353,(2016 RU33),https://ssd.jpl.nasa.gov/tools/sbdb_lookup.html#/?sstr=3759353,27.5,"{'kilometers': {'estimated_diameter_min': 0.008405334, 'estimated_diameter_max': 0.0187948982}, 'meters': {'estimated_diameter_min': 8.4053340207, 'estimated_diameter_max': 18.7948982439}, 'miles': {'estimated_diameter_min': 0.0052228308, 'estimated_diameter_max': 0.0116786047}, 'feet': {'estimated_diameter_min': 27.5765560686, 'estimated_diameter_max': 61.6630539546}}",False,"[{'close_approach_date': '2015-09-07', 'close_approach_date_full': '2015-Sep-07 16:34', 'epoch_date_close_approach': 1441643640000, 'relative_velocity': {'kilometers_per_second': '13.2144918467', 'kilometers_per_hour': '47572.1706482885', 'miles_per_hour': '29559.4968119879'}, 'miss_distance': {'astronomical': '0.2270491427', 'lunar': '88.3221165103', 'kilometers': '33966068.133246049', 'miles': '21105536.0612875162'}, 'orbiting_body': 'Earth'}]",False,nasa_raw_20260625_004413.csv,,2026-07-01 04:09:46.042503+00:00,local_csv,27.5,0,dim,0.0
{'self': 'http://api.nasa.gov/neo/rest/v1/neo/3759690?api_key=atRlamU8h97Mj5wYvtjsDkkNua16mjAJcFC8JUch'},3759690,3759690,(2016 RN41),https://ssd.jpl.nasa.gov/tools/sbdb_lookup.html#/?sstr=3759690,31.02,"{'kilometers': {'estimated_diameter_min': 0.001661709, 'estimated_diameter_max': 0.0037156943}, 'meters': {'estimated_diameter_min': 1.6617090174, 'estimated_diameter_max': 3.7156943217}, 'miles': {'estimated_diameter_min': 0.0010325378, 'estimated_diameter_max': 0.0023088247}, 'feet': {'estimated_diameter_min': 5.4518014126, 'estimated_diameter_max': 12.1905985585}}",False,"[{'close_approach_date': '2015-09-07', 'close_approach_date_full': '2015-Sep-07 19:16', 'epoch_date_close_approach': 1441653360000, 'relative_velocity': {'kilometers_per_second': '13.4815494029', 'kilometers_per_hour': '48533.5778505242', 'miles_per_hour': '30156.8778593994'}, 'miss_distance': {'astronomical': '0.1205320685', 'lunar': '46.8869746465', 'kilometers': '18031340.714294095', 'miles': '11204155.576264711'}, 'orbiting_body': 'Earth'}]",False,nasa_raw_20260625_004413.csv,,2026-07-01 04:09:46.042503+00:00,local_csv,31.02,0,dim,0.0
{'self': 'http://api.nasa.gov/neo/rest/v1/neo/3827337?api_key=atRlamU8h97Mj5wYvtjsDkkNua16mjAJcFC8JUch'},3827337,3827337,(2018 RZ2),https://ssd.jpl.nasa.gov/tools/sbdb_lookup.html#/?sstr=3827337,22.2,"{'kilometers': {'estimated_diameter_min': 0.096506147, 'estimated_diameter_max': 0.2157943048}, 'meters': {'estimated_diameter_min': 96.5061469579, 'estimated_diameter_max': 215.7943048444}, 'miles': {'estimated_diameter_min': 0.059966121, 'estimated_diameter_max': 0.134088323}, 'feet': {'estimated_diameter_min': 316.6212271853, 'estimated_diameter_max': 707.9865871058}}",False,"[{'close_approach_date': '2015-09-07', 'close_approach_date_full': '2015-Sep-07 05:30', 'epoch_date_close_approach': 1441603800000, 'relative_velocity': {'kilometers_per_second': '18.513293253', 'kilometers_per_hour': '66647.8557106394', 'miles_per_hour': '41412.3856775359'}, 'miss_distance': {'astronomical': '0.4191352221', 'lunar': '163.0436013969', 'kilometers': '62701736.468136927', 'miles': '38961052.3932945126'}, 'orbiting_body': 'Earth'}]",False,nasa_raw_20260625_004413.csv,,2026-07-01 04:09:46.042503+00:00,local_csv,22.2,0,moderate,0.0
{'self': 'http://api.nasa.gov/neo/rest/v1/neo/3843641?api_key=atRlamU8h97Mj5wYvtjsDkkNua16mjAJcFC8JUch'},3843641,3843641,(2019 QK4),https://ssd.jpl.nasa.gov/tools/sbdb_lookup.html#/?sstr=3843641,20.7,"{'kilometers': {'estimated_diameter_min': 0.1925550782, 'estimated_diameter_max': 0.4305662442}, 'meters': {'estimated_diameter_min': 192.5550781879, 'estimated_diameter_max': 430.566244241}, 'miles': {'estimated_diameter_min': 0.1196481415, 'estimated_diameter_max': 0.2675413778}, 'feet': {'estimated_diameter_min': 631.7424027221, 'estimated_diameter_max': 1412.6189567557}}",False,"[{'close_approach_date': '2015-09-07', 'close_approach_date_full': '2015-Sep-07 12:07', 'epoch_date_close_approach': 1441627620000, 'relative_velocity': {'kilometers_per_second': '38.295365115', 'kilometers_per_hour': '137863.314414063', 'miles_per_hour': '85662.9022257826'}, 'miss_distance': {'astronomical': '0.3375961355', 'lunar': '131.3248967095', 'kilometers': '50503662.791031385', 'miles': '31381520.877887713'}, 'orbiting_body': 'Earth'}]",False,nasa_raw_20260625_004413.csv,,2026-07-01 04:09:46.042503+00:00,local_csv,20.7,0,bright,0.0
{'self': 'http://api.nasa.gov/neo/rest/v1/neo/2465633?api_key=atRlamU8h97Mj5wYvtjsDkkNua16mjAJcFC8JUch'},2465633,2465633,465633 (2009 JR5),https://ssd.jpl.nasa.gov/tools/sbdb_lookup.html#/?sstr=2465633,20.44,"{'kilometers': {'estimated_diameter_min': 0.2170475943, 'estimated_diameter_max': 0.4853331752}, 'meters': {'estimated_diameter_min': 217.0475943071, 'estimated_diameter_max': 485.3331752235}, 'miles': {'estimated_diameter_min': 0.1348670807, 'estimated_diameter_max': 0.3015719604}, 'feet': {'estimated_diameter_min': 712.0984293066, 'estimated_diameter_max': 1592.3004946003}}",True,"[{'close_approach_date': '2015-09-08', 'close_approach_date_full': '2015-Sep-08 20:28', 'epoch_date_close_approach': 1441744080000, 'relative_velocity': {'kilometers_per_second': '18.1279360862', 'kilometers_per_hour': '65260.5699103704', 'miles_per_hour': '40550.3802312521'}, 'miss_distance': {'astronomical': '0.3027469457', 'lunar': '117.7685618773', 'kilometers': '45290298.225725659', 'miles': '28142086.3515817342'}, 'orbiting_body': 'Earth'}]",False,nasa_raw_20260625_014414.csv,,2026-07-01 04:09:46.042503+00:00,local_csv,20.44,1,bright,38.67999999999999
{'self': 'http://api.nasa.gov/neo/rest/v1/neo/3426410?api_key=atRlamU8h97Mj5wYvtjsDkkNua16mjAJcFC8JUch'},3426410,3426410,(2008 QV11),https://ssd.jpl.nasa.gov/tools/sbdb_lookup.html#/?sstr=3426410,21.34,"{'kilometers': {'estimated_diameter_min': 0.1434019235, 'estimated_diameter_max': 0.320656449}, 'meters': {'estimated_diameter_min': 143.4019234645, 'estimated_diameter_max': 320.6564489709}, 'miles': {'estimated_diameter_min': 0.0891057966, 'estimated_diameter_max': 0.1992466184}, 'feet': {'estimated_diameter_min': 470.4787665793, 'estimated_diameter_max': 1052.0225040417}}",False,"[{'close_approach_date': '2015-09-08', 'close_approach_date_full': '2015-Sep-08 14:31', 'epoch_date_close_approach': 1441722660000, 'relative_velocity': {'kilometers_per_second': '19.7498128142', 'kilometers_per_hour': '71099.3261312856', 'miles_per_hour': '44178.3562841869'}, 'miss_distance': {'astronomical': '0.2591250701', 'lunar': '100.7996522689', 'kilometers': '38764558.550560687', 'miles': '24087179.7459520006'}, 'orbiting_body': 'Earth'}]",False,nasa_raw_20260625_014414.csv,,2026-07-01 04:09:46.042503+00:00,local_csv,21.34,0,bright,0.0
{'self': 'http://api.nasa.gov/neo/rest/v1/neo/3553060?api_key=atRlamU8h97Mj5wYvtjsDkkNua16mjAJcFC8JUch'},3553060,3553060,(2010 XT10),https://ssd.jpl.nasa.gov/tools/sbdb_lookup.html#/?sstr=3553060,26.5,"{'kilometers': {'estimated_diameter_min': 0.0133215567, 'estimated_diameter_max': 0.0297879063}, 'meters': {'estimated_diameter_min': 13.3215566698, 'estimated_diameter_max': 29.7879062798}, 'miles': {'estimated_diameter_min': 0.008277629, 'estimated_diameter_max': 0.0185093411}, 'feet': {'estimated_diameter_min': 43.7058959846, 'estimated_diameter_max': 97.7293544391}}",False,"[{'close_approach_date': '2015-09-08', 'close_approach_date_full': '2015-Sep-08 12:07', 'epoch_date_close_approach': 1441714020000, 'relative_velocity': {'kilometers_per_second': '19.1530348886', 'kilometers_per_hour': '68950.9255988812', 'miles_per_hour': '42843.4237422604'}, 'miss_distance': {'astronomical': '0.4917435147', 'lunar': '191.2882272183', 'kilometers': '73563782.385433689', 'miles': '45710414.7542113482'}, 'orbiting_body': 'Earth'}]",False,nasa_raw_20260625_014414.csv,,2026-07-01 04:09:46.042503+00:00,local_csv,26.5,0,dim,0.0
{'self': 'http://api.nasa.gov/neo/rest/v1/neo/3726710?api_key=atRlamU8h97Mj5wYvtjsDkkNua16mjAJcFC8JUch'},3726710,3726710,(2015 RC),https://ssd.jpl.nasa.gov/tools/sbdb_lookup.html#/?sstr=3726710,24.3,"{'kilometers': {'estimated_diameter_min': 0.0366906138, 'estimated_diameter_max': 0.0820427065}, 'meters': {'estimated_diameter_min': 36.6906137531, 'estimated_diameter_max': 82.0427064882}, 'miles': {'estimated_diameter_min': 0.0227984834, 'estimated_diameter_max': 0.0509789586}, 'feet': {'estimated_diameter_min': 120.3760332259, 'estimated_diameter_max': 269.1689931548}}",False,"[{'close_approach_date': '2015-09-08', 'close_approach_date_full': '2015-Sep-08 09:45', 'epoch_date_close_approach': 1441705500000, 'relative_velocity': {'kilometers_per_second': '19.486643553', 'kilometers_per_hour': '70151.9167909206', 'miles_per_hour': '43589.6729637806'}, 'miss_distance': {'astronomical': '0.0269252677', 'lunar': '10.4739291353', 'kilometers': '4027962.697099799', 'miles': '2502859.9608192662'}, 'orbiting_body': 'Earth'}]",False,nasa_raw_20260625_014414.csv,,2026-07-01 04:09:46.042503+00:00,local_csv,24.3,0,moderate,0.0
{'self': 'http://api.nasa.gov/neo/rest/v1/neo/3727181?api_key=atRlamU8h97Mj5wYvtjsDkkNua16mjAJcFC8JUch'},3727181,3727181,(2015 RO36),https://ssd.jpl.nasa.gov/tools/sbdb_lookup.html#/?sstr=3727181,22.93,"{'kilometers': {'estimated_diameter_min': 0.0689532874, 'estimated_diameter_max': 0.154184238}, 'meters': {'estimated_diameter_min': 68.9532874451, 'estimated_diameter_max': 154.1842379994}, 'miles': {'estimated_diameter_min': 0.0428455732, 'estimated_diameter_max': 0.0958056141}, 'feet': {'estimated_diameter_min': 226.2247035814, 'estimated_diameter_max': 505.8538153978}}",False,"[{'close_approach_date': '2015-09-08', 'close_approach_date_full': '2015-Sep-08 14:36', 'epoch_date_close_approach': 1441722960000, 'relative_velocity': {'kilometers_per_second': '15.8091452192', 'kilometers_per_hour': '56912.9227892906', 'miles_per_hour': '35363.4769409345'}, 'miss_distance': {'astronomical': '0.0540517856', 'lunar': '21.0261445984', 'kilometers': '8086031.995456672', 'miles': '5024427.2961871936'}, 'orbiting_body': 'Earth'}]",False,nasa_raw_20260625_014414.csv,,2026-07-01 04:09:46.042503+00:00,local_csv,22.93,0,moderate,0.0
{'self': 'http://api.nasa.gov/neo/rest/v1/neo/3727639?api_key=atRlamU8h97Mj5wYvtjsDkkNua16mjAJcFC8JUch'},3727639,3727639,(2015 RN83),https://ssd.jpl.nasa.gov/tools/sbdb_lookup.html#/?sstr=3727639,21.77,"{'kilometers': {'estimated_diameter_min': 0.1176399894, 'estimated_diameter_max': 0.2630510131}, 'meters': {'estimated_diameter_min': 117.639989374, 'estimated_diameter_max': 263.0510131126}, 'miles': {'estimated_diameter_min': 0.0730980778, 'estimated_diameter_max': 0.1634522711}, 'feet': {'estimated_diameter_min': 385.9579827377, 'estimated_diameter_max': 863.0282858603}}",False,"[{'close_approach_date': '2015-09-08', 'close_approach_date_full': '2015-Sep-08 15:42', 'epoch_date_close_approach': 1441726920000, 'relative_velocity': {'kilometers_per_second': '12.081028141', 'kilometers_per_hour': '43491.7013074996', 'miles_per_hour': '27024.0518485405'}, 'miss_distance': {'astronomical': '0.168416765', 'lunar': '65.514121585', 'kilometers': '25194789.31629055', 'miles': '15655316.13448759'}, 'orbiting_body': 'Earth'}]",False,nasa_raw_20260625_014414.csv,,2026-07-01 04:09:46.042503+00:00,local_csv,21.77,0,bright,0.0
{'self': 'http://api.nasa.gov/neo/rest/v1/neo/3730577?api_key=atRlamU8h97Mj5wYvtjsDkkNua16mjAJcFC8JUch'},3730577,3730577,(2015 TX237),https://ssd.jpl.nasa.gov/tools/sbdb_lookup.html#/?sstr=3730577,23.3,"{'kilometers': {'estimated_diameter_min': 0.058150704, 'estimated_diameter_max': 0.130028927}, 'meters': {'estimated_diameter_min': 58.1507039646, 'estimated_diameter_max': 130.0289270043}, 'miles': {'estimated_diameter_min': 0.0361331611, 'estimated_diameter_max': 0.0807962044}, 'feet': {'estimated_diameter_min': 190.7831555951, 'estimated_diameter_max': 426.6041048727}}",False,"[{'close_approach_date': '2015-09-08', 'close_approach_date_full': '2015-Sep-08 14:19', 'epoch_date_close_approach': 1441721940000, 'relative_velocity': {'kilometers_per_second': '6.573400491', 'kilometers_per_hour': '23664.2417675863', 'miles_per_hour': '14704.0395583094'}, 'miss_distance': {'astronomical': '0.0795238758', 'lunar': '30.9347876862', 'kilometers': '11896602.433824546', 'miles': '7392205.9712328948'}, 'orbiting_body': 'Earth'}]",False,nasa_raw_20260625_014414.csv,,2026-07-01 04:09:46.042503+00:00,local_csv,23.3,0,moderate,0.0
{'self': 'http://api.nasa.gov/neo/rest/v1/neo/3731587?api_key=atRlamU8h97Mj5wYvtjsDkkNua16mjAJcFC8JUch'},3731587,3731587,(2015 UG),https://ssd.jpl.nasa.gov/tools/sbdb_lookup.html#/?sstr=3731587,22.81,"{'kilometers': {'estimated_diameter_min': 0.0728710415, 'estimated_diameter_max': 0.1629446024}, 'meters': {'estimated_diameter_min': 72.8710414898, 'estimated_diameter_max': 162.9446023625}, 'miles': {'estimated_diameter_min': 0.0452799519, 'estimated_diameter_max': 0.1012490505}, 'feet': {'estimated_diameter_min': 239.0782277615, 'estimated_diameter_max': 534.595169215}}",False,"[{'close_approach_date': '2015-09-08', 'close_approach_date_full': '2015-Sep-08 18:50', 'epoch_date_close_approach': 1441738200000, 'relative_velocity': {'kilometers_per_second': '11.9557600601', 'kilometers_per_hour': '43040.7362163935', 'miles_per_hour': '26743.8396784585'}, 'miss_distance': {'astronomical': '0.1132399881', 'lunar': '44.0503553709', 'kilometers': '16940461.018585347', 'miles': '10526314.3652659086'}, 'orbiting_body': 'Earth'}]",False,nasa_raw_20260625_014414.csv,,2026-07-01 04:09:46.042503+00:00,local_csv,22.81,0,moderate,0.0
{'self': 'http://api.nasa.gov/neo/rest/v1/neo/3758838?api_key=atRlamU8h97Mj5wYvtjsDkkNua16mjAJcFC8JUch'},3758838,3758838,(2016 RT),https://ssd.jpl.nasa.gov/tools/sbdb_lookup.html#/?sstr=3758838,24.4,"{'kilometers': {'estimated_diameter_min': 0.0350392641, 'estimated_diameter_max': 0.0783501764}, 'meters': {'estimated_diameter_min': 35.0392641108, 'estimated_diameter_max': 78.3501764334}, 'miles': {'estimated_diameter_min': 0.0217723826, 'estimated_diameter_max': 0.0486845275}, 'feet': {'estimated_diameter_min': 114.9582192654, 'estimated_diameter_max': 257.0543928497}}",False,"[{'close_approach_date': '2015-09-08', 'close_approach_date_full': '2015-Sep-08 01:02', 'epoch_date_close_approach': 1441674120000, 'relative_velocity': {'kilometers_per_second': '19.0983945697', 'kilometers_per_hour': '68754.220451069', 'miles_per_hour': '42721.1988130545'}, 'miss_distance': {'astronomical': '0.170705627', 'lunar': '66.404488903', 'kilometers': '25537198.19621449', 'miles': '15868079.146520362'}, 'orbiting_body': 'Earth'}]",False,nasa_raw_20260625_014414.csv,,2026-07-01 04:09:46.042503+00:00,local_csv,24.4,0,moderate,0.0
{'self': 'http://api.nasa.gov/neo/rest/v1/neo/3727663?api_key=atRlamU8h97Mj5wYvtjsDkkNua16mjAJcFC8JUch'},3727663,3727663,(2015 RY83),https://ssd.jpl.nasa.gov/tools/sbdb_lookup.html#/?sstr=3727663,24.2,"{'kilometers': {'estimated_diameter_min': 0.0384197891, 'estimated_diameter_max': 0.0859092601}, 'meters': {'estimated_diameter_min': 38.4197891064, 'estimated_diameter_max': 85.9092601232}, 'miles': {'estimated_diameter_min': 0.0238729428, 'estimated_diameter_max': 0.0533815229}, 'feet': {'estimated_diameter_min': 126.0491808919, 'estimated_diameter_max': 281.8545369825}}",False,"[{'close_approach_date': '2015-09-07', 'close_approach_date_full': '2015-Sep-07 16:55', 'epoch_date_close_approach': 1441644900000, 'relative_velocity': {'kilometers_per_second': '6.9802494143', 'kilometers_per_hour': '25128.8978914704', 'miles_per_hour': '15614.1199148417'}, 'miss_distance': {'astronomical': '0.0764899182', 'lunar': '29.7545781798', 'kilometers': '11442728.839194234', 'miles': '7110181.9971550692'}, 'orbiting_body': 'Earth'}]",False,nasa_raw_20260625_004413.csv,,2026-07-01 04:09:46.042503+00:00,local_csv,24.2,0,moderate,0.0
{'self': 'http://api.nasa.gov/neo/rest/v1/neo/3986741?api_key=atRlamU8h97Mj5wYvtjsDkkNua16mjAJcFC8JUch'},3986741,3986741,(2020 BY),https://ssd.jpl.nasa.gov/tools/sbdb_lookup.html#/?sstr=3986741,24.5,"{'kilometers': {'estimated_diameter_min': 0.0334622374, 'estimated_diameter_max': 0.0748238376}, 'meters': {'estimated_diameter_min': 33.4622374455, 'estimated_diameter_max': 74.8238376074}, 'miles': {'estimated_diameter_min': 0.0207924639, 'estimated_diameter_max': 0.0464933628}, 'feet': {'estimated_diameter_min': 109.7842471007, 'estimated_diameter_max': 245.4850393757}}",False,"[{'close_approach_date': '2015-09-07', 'close_approach_date_full': '2015-Sep-07 05:39', 'epoch_date_close_approach': 1441604340000, 'relative_velocity': {'kilometers_per_second': '27.1899249786', 'kilometers_per_hour': '97883.7299230601', 'miles_per_hour': '60821.1431846925'}, 'miss_distance': {'astronomical': '0.4067666372', 'lunar': '158.2322218708', 'kilometers': '60851422.512182764', 'miles': '37811320.6148355832'}, 'orbiting_body': 'Earth'}]",False,nasa_raw_20260630_124413.csv,,2026-07-01 04:09:46.042503+00:00,local_csv,24.5,0,moderate,0.0
